--
-- Script was generated by Devart dbForge Studio 2020 for MySQL, Version 9.0.435.0
-- Product home page: http://www.devart.com/dbforge/mysql/studio
-- Script date 13.11.2020 17:28:10
-- Server version: 8.0.12
-- Client version: 4.1
--


SET NAMES 'utf8';

INSERT INTO store.brands(id, brand) VALUES
(1, 'Ahmad Tea'),
(2, 'Basilur'),
(3, 'Curtis'),
(4, 'Greenfield'),
(5, 'Gulfstream'),
(6, 'Lovare'),
(7, 'Ambassador'),
(8, 'Mercato Group'),
(9, 'Frico'),
(10, 'Fabrica');


INSERT INTO store.categories(id, category) VALUES
(1, 'Чорний класичний чай'),
(2, 'Зелений класичний чай'),
(3, 'Аксесуари'),
(4, 'Кава Арабіка'),
(5, 'Кава мелена'),
(6, 'Чорний ароматизований чай'),
(7, 'Зелений ароматизований чай'),
(8, 'Червоний чай'),
(9, 'Трав''яний чай'),
(10, 'Кава Робуста');


INSERT INTO store.clients(id, name, email, phone, dt_added) VALUES
(0, NULL, '0', NULL, '2020-11-13 11:19:55'),
(3, 'Alex', 'Alex@mail.com', '12345', '2020-11-13 11:34:20'),
(5, 'Бакун Александр', 'bakun.alex93@gmail.com', '0967268251', '2020-11-13 16:55:46'),
(2, NULL, 'test1@mail.com', NULL, '2020-11-13 11:24:31'),
(4, 'Alex', 'test2@mail.com', '12345', '2020-11-13 11:56:35'),
(1, NULL, 'test@mail.com', NULL, '2020-11-13 11:20:56');


INSERT INTO store.details(order_id, good_id, good, price, count) VALUES
(2, 3, 'Дянь Хун', 70, 1),
(2, 17, 'Кофе Хельвети', 59, 2),
(3, 3, '%D0%94%D1%8F%D0%BD%D1%8C%20%D0%A5%D1%83%D0%BD', 70, 1),
(3, 17, '%D0%9A%D0%BE%D1%84%D0%B5%20%D0%A5%D0%B5%D0%BB%D1%8C%D0%B2%D0%B5%D1%82%D0%B8', 59, 2),
(4, 3, 'Дянь Хун', 70, 1),
(4, 17, 'Кофе Хельвети', 59, 2),
(5, 3, '%D0%94%D1%8F%D0%BD%D1%8C%20%D0%A5%D1%83%D0%BD', 70, 1),
(5, 17, '%D0%9A%D0%BE%D1%84%D0%B5%20%D0%A5%D0%B5%D0%BB%D1%8C%D0%B2%D0%B5%D1%82%D0%B8', 59, 2),
(6, 3, 'Дянь Хун', 70, 1),
(6, 17, 'Кофе Хельвети', 59, 2),
(7, 3, 'Дянь Хун', 70, 1),
(7, 17, 'Кофе Хельвети', 59, 2),
(8, 3, 'Дянь Хун', 70, 1),
(8, 17, 'Кофе Хельвети', 59, 2),
(9, 3, 'Дянь Хун', 70, 1),
(9, 17, 'Кофе Хельвети', 59, 2),
(10, 3, 'Дянь Хун', 70, 1),
(10, 17, 'Кофе Хельвети', 59, 2),
(11, 3, 'Дянь Хун', 70, 1),
(11, 17, 'Кофе Хельвети', 59, 2),
(12, 3, 'Дянь Хун', 70, 1),
(12, 17, 'Кофе Хельвети', 59, 2),
(13, 3, 'Дянь Хун', 70, 1),
(13, 17, 'Кофе Хельвети', 59, 2),
(14, 3, 'Дянь Хун', 70, 1),
(14, 17, 'Кофе Хельвети', 59, 2),
(15, 3, 'Дянь Хун', 70, 1),
(15, 17, 'Кофе Хельвети', 59, 2),
(16, 3, 'Дянь Хун', 70, 1),
(16, 17, 'Кофе Хельвети', 59, 2),
(17, 3, 'Дянь Хун', 70, 1),
(17, 17, 'Кофе Хельвети', 59, 2),
(18, 3, 'Дянь Хун', 70, 1),
(18, 17, 'Кофе Хельвети', 59, 2),
(19, 3, 'Дянь Хун', 70, 1),
(19, 17, 'Кофе Хельвети', 59, 2),
(20, 3, 'Дянь Хун', 70, 1),
(20, 17, 'Кофе Хельвети', 59, 2),
(21, 3, 'Дянь Хун', 70, 1),
(21, 17, 'Кофе Хельвети', 59, 2),
(22, 3, 'Дянь Хун', 70, 1),
(22, 17, 'Кофе Хельвети', 59, 2),
(23, 3, 'Дянь Хун', 70, 1),
(23, 17, 'Кофе Хельвети', 59, 2),
(24, 3, 'Дянь Хун', 70, 1),
(24, 17, 'Кофе Хельвети', 59, 2),
(25, 3, 'Дянь Хун', 70, 1),
(25, 17, 'Кофе Хельвети', 59, 2),
(26, 3, 'Дянь Хун', 70, 1),
(26, 17, 'Кофе Хельвети', 59, 2),
(27, 3, 'Дянь Хун', 70, 1),
(27, 17, 'Кофе Хельвети', 59, 2),
(28, 3, 'Дянь Хун', 70, 1),
(28, 17, 'Кофе Хельвети', 59, 2),
(29, 3, 'Дянь Хун', 70, 1),
(29, 17, 'Кофе Хельвети', 59, 2),
(30, 3, 'Дянь Хун', 70, 1),
(30, 17, 'Кофе Хельвети', 59, 2),
(31, 3, '%D0%94%D1%8F%D0%BD%D1%8C%20%D0%A5%D1%83%D0%BD', 70, 1),
(31, 17, '%D0%9A%D0%BE%D1%84%D0%B5%20%D0%A5%D0%B5%D0%BB%D1%8C%D0%B2%D0%B5%D1%82%D0%B8', 59, 2),
(32, 3, 'Дянь Хун', 70, 1),
(32, 17, 'Кофе Хельвети', 59, 3);


INSERT INTO store.goods(id, good, category_id, brand_id, price, rating, quantity, photo) VALUES
(1, 'Кімун Гунфу Ча', 1, 1, 115, 8, 5, 'Tea/chernyj_chaj_kimun_gun_fu_cha.jpg'),
(2, 'Дянь Хун Гунфу Ча', 1, 1, 110, 9, 5, 'Tea/dyan-hun-gun-fu-cha-zolotoy-yunnan.jpg'),
(3, 'Дянь Хун', 1, 4, 70, 5, 2, 'Tea/chernyj_chaj_dyan_khun.jpg'),
(4, 'Ерл Грей', 1, 4, 95, 7, 0, 'Tea/chernyj_chaj_erl_grej0.jpg'),
(5, 'Дарджилінг', 1, 3, 85, 8, 1, 'Tea/dardjiling.jpg'),
(6, 'Кімун-Хаоюй', 1, 2, 170, 9, 2, 'Tea/chernyj_chaj_kimun_khaoyuj.jpg'),
(7, 'Сиху Лунцзин (Криниця дракона)', 2, 2, 130, 8, 12, 'Tea/sihu_lunczin_kolodec_drakona.jpg'),
(8, 'Лунцзин Люкс', 2, 1, 450, 10, 32, 'Tea/zelenyj_chaj_kolodets_drakona.jpg'),
(9, 'Чжу Є Цин', 2, 5, 615, 6, 12, 'Tea/zelenyj_chaj_chzhu_je_tsin_01.jpg'),
(10, 'Генмайча (японський рисовий чай)', 2, 4, 80, 3, 32, 'Tea/genmaycha2_0.jpg'),
(11, 'Бі Ло Чунь Смарагдові спіралі весни)', 2, 4, 190, 5, 12, 'Tea/img_9901-edit.jpg'),
(12, 'Тай Пін Хоу Куй', 2, 5, 485, 8, 3, 'Tea/taj_pin_hou_kuj-0.jpg'),
(15, 'Кава Ambassador Blue Label', 4, 7, 239, 10, 4, 'Coffee/ambassadorbljulejbl2-346x400.jpg'),
(16, 'Кава Ambassador Crema', 4, 7, 239, 8, 6, 'Coffee/ambassadorkrema-346x400.jpg'),
(17, 'Кава Хельветі', 5, 8, 59, 10, 8, 'Coffee/kofe-helvety-800x800.png'),
(18, 'Кава Нікарагуа Maragogype EP', 5, 8, 83, 9, 9, 'Coffee/kofe-nicaragua-maragogype-800x800.png'),
(19, 'Кава Куба Serrano Lavado', 5, 8, 71, 7, 23, 'Coffee/cuba Serrano Lavado 250-800x800.png'),
(20, 'Кухоль керамічний', 3, 6, 99, 2, 54, 'Accessories/kruzhki-chashki-dlja-kofe-kerimacheskie-cvetnye-800x800.jpg'),
(21, 'Кавоварка гейзерна Frico FRU-173 - 450 мл', 3, 9, 297, 7, 65, 'Accessories/kofevarka_geyzernaya_frico_fru-173_-_450_ml-70163194917970.jpg'),
(22, 'Турка мідна Крилатый лев 330 мл', 3, 10, 350, 9, 2, 'Accessories/57235251_images_7955938491.jpg'),
(23, 'Байлінь Гун Фу Імператорський', 6, 1, 450, 6, 5, 'Tea/baj-lin-gun-fu-imperatorskij-0.jpg'),
(24, 'Арабіка Болівія', 4, 7, 360, 7, 10, 'Coffee/arabika-bolivija-03_0.jpeg'),
(25, 'Арабіка Бурунді АА', 4, 8, 340, 9, 1, 'Coffee/arabika-burundi-04.jpeg'),
(26, 'Арабіка Гватемала Антігуа SHВ', 4, 7, 510, 10, 0, 'Coffee/arabika-gvatemala-antigua-04.jpeg'),
(27, 'Арабіка Ефіопія Сідамо 2', 4, 7, 410, 5, 10, 'Coffee/arabika-efiopija-sidamo-03.jpeg'),
(28, 'Арабіка Ефіопія Харар', 4, 8, 452, 4, 15, 'Coffee/arabika-efiopija-harar-03.jpeg'),
(29, 'Арабіка Бразилія Жовтий Бурбон РВ', 4, 7, 340, 3, 20, 'Coffee/arabika-brazylija-zhovtyj-burbon-pb-03.jpeg'),
(30, 'Робуста Індия Монсунд АА', 10, 10, 252, 7, 5, 'Coffee/robusta-indija-monsud-04.jpeg'),
(31, 'Робуста Індия Парчмент АВ', 10, 10, 212, 9, 1, 'Coffee/robusta-indija-parchment-ab-04.jpeg'),
(32, 'Робуста Індия Парчмент PB', 10, 10, 214, 1, 9, 'Coffee/robusta-indija-parchment-pb-03.jpeg'),
(33, 'Чорний клен', 6, 3, 150, 10, 5, 'Tea/chernyj-klen-0_1.jpg'),
(34, 'Тай Пін Хоу Куй Імператорський', 7, 6, 550, 8, 10, 'Tea/taj-pin-hou-kuj-imperatorskij-0.jpg'),
(35, 'Улун «Да Хун Пао» («Великий червоний халат»)', 8, 4, 100, 10, 4, 'Tea/ulun_da_hun_pao_bolshoj_krasnyj_halat-0.jpg'),
(36, 'Квіти персику', 9, 6, 80, 7, 10, 'Tea/travyanoj_i_tsvetochnyj_chaj_rozovye_butony_01.jpg');


INSERT INTO store.orders(id, client_id, address, message, dt_added) VALUES
(2, 0, 'Федоренко 8/14', '', '2020-11-13 09:53:20'),
(3, 0, 'Федоренко 8/14', '', '2020-11-13 09:59:04'),
(4, 0, 'Федоренко 8/14', '', '2020-11-13 10:00:42'),
(5, 3, 'Федоренко 8/14', '', '2020-11-13 10:02:51'),
(6, 4, 'Федоренко 8/14', '', '2020-11-13 10:02:59'),
(7, 0, 'Федоренко 8/14', '', '2020-11-13 10:12:10'),
(8, 0, 'Федоренко 8/14', '', '2020-11-13 10:12:38'),
(9, 0, 'Федоренко 8/14', '', '2020-11-13 10:15:12'),
(10, 0, 'Федоренко 8/14', '', '2020-11-13 10:16:20'),
(11, 0, 'Федоренко 8/14', '', '2020-11-13 10:18:39'),
(12, 0, 'Федоренко 8/14', '', '2020-11-13 10:33:39'),
(13, 0, 'Федоренко 8/14', '', '2020-11-13 10:34:30'),
(14, 0, 'Федоренко 8/14', '', '2020-11-13 10:37:04'),
(15, 0, 'Федоренко 8/14', '', '2020-11-13 10:37:32'),
(16, 0, 'Федоренко 8/14', '', '2020-11-13 10:38:11'),
(17, 0, 'Федоренко 8/14', '', '2020-11-13 10:40:25'),
(18, 0, 'Федоренко 8/14', '', '2020-11-13 10:41:30'),
(19, 0, 'Федоренко 8/14', '', '2020-11-13 10:43:01'),
(20, 0, 'Федоренко 8/14', '', '2020-11-13 11:37:56'),
(21, 0, 'Федоренко 8/14', '', '2020-11-13 11:38:53'),
(22, 0, 'Федоренко 8/14', '', '2020-11-13 11:44:37'),
(23, 0, 'Федоренко 8/14', '', '2020-11-13 11:45:23'),
(24, 0, 'Федоренко 8/14', '', '2020-11-13 11:46:31'),
(25, 0, 'Федоренко 8/14', '', '2020-11-13 11:47:19'),
(26, 0, 'Федоренко 8/14', '', '2020-11-13 11:48:34'),
(27, 0, 'Федоренко 8/14', '', '2020-11-13 11:49:13'),
(28, 0, 'Федоренко 8/14', '', '2020-11-13 11:53:58'),
(29, 0, 'Федоренко 8/14', '', '2020-11-13 11:55:45'),
(30, 0, 'Федоренко 8/14', '', '2020-11-13 11:57:09'),
(31, 0, 'Федоренко 8/14', '', '2020-11-13 11:57:30'),
(32, 0, 'Федоренко 8/14', '', '2020-11-13 16:55:46');